Order ID,Date,Product,Price,Quantity2,Purchase Type,Payment Method,City,Country/region,Manager,Revenue,,,,,,
10452,11/7/2022,Fries,3.49,574,Online , Gift Card,London,United Kingdom,Tom Jackson,2003.26,,Price,,,Quantity,
10453,11/7/2022,Beverages,2.95,746,Online , Gift Card,Madrid,Spain,Pablo Perez,2200.7,,,,,,
10454,11/7/2022,Sides & Other,4.99,201,In-store , Gift Card,Lisbon,Portugal,Joao Silva,1002.99,,Mean,7.341011673,,Mean,461.2412451
10455,11/8/2022,Burgers,12.99,570,In-store , Credit Card,Berlin,Germany,Walter Muller,7404.3,,Standard Error,0.303965061,,Standard Error,13.38097448
10456,11/8/2022,Chicken Sandwiches,9.95,202,In-store , Credit Card,Berlin,Germany,Walter Muller,2009.9,,Median,4.99,,Median,539
10457,11/8/2022,Fries,3.49,574,In-store , Credit Card,Paris,France,Remy Monet,2003.26,,Mode,12.99,,Mode,201
10459,11/8/2022,Sides & Other,4.99,201,In-store , Credit Card,Berlin,Germany,Walter Muller,1002.99,,Standard Deviation,4.872930625,,Standard Deviation,214.5133395
10460,11/9/2022,Burgers,12.99,555,In-store , Credit Card,Paris,France,Remy Monet,7209.45,,Sample Variance,23.74545288,,Sample Variance,46015.97282
10461,11/9/2022,Chicken Sandwiches,9.95,202,In-store , Credit Card,Paris,France,Remy Monet,2009.9,,Kurtosis,4.674247607,,Kurtosis,-1.72420374
10462,11/9/2022,Fries,3.49,574,In-store , Credit Card,Paris,France,Remy Monet,2003.26,,Skewness,1.623328876,,Skewness,-0.214249896
10463,11/9/2022,Beverages,2.95,678,In-store , Credit Card,Paris,France,Remy Monet,2000.1,,Range,30.27,,Range,554
10464,11/9/2022,Sides & Other,4.99,201,In-store , Credit Card,Paris,France,Remy Monet,1002.99,,Minimum,2.95,,Minimum,201
10465,11/10/2022,Burgers,12.99,555,In-store , Credit Card,Madrid,Spain,Pablo Perez,7209.45,,Maximum,33.22,,Maximum,755
10466,11/10/2022,Chicken Sandwiches,9.95,202,In-store , Credit Card,Madrid,Spain,Pablo Perez,2009.9,,Sum,1886.64,,Sum,118539
10467,11/10/2022,Fries,3.49,574,In-store , Credit Card,Madrid,Spain,Pablo Perez,2003.26,,Count,257,,Count,257
10468,11/10/2022,Beverages,2.95,678,In-store , Credit Card,Madrid,Spain,Pablo Perez,2000.1,,,,,,
10470,11/11/2022,Burgers,12.99,555,In-store , Credit Card,Madrid,Spain,Pablo Perez,7209.45,,,,,,
10471,11/11/2022,Chicken Sandwiches,9.95,202,In-store , Credit Card,Madrid,Spain,Pablo Perez,2009.9,,,,,,
10472,11/11/2022,Fries,3.49,631,In-store , Credit Card,Madrid,Spain,Pablo Perez,2202.19,,,,,,
10473,11/11/2022,Beverages,2.95,678,In-store , Credit Card,Madrid,Spain,Pablo Perez,2000.1,,,,,,
10474,11/11/2022,Sides & Other,4.99,201,In-store , Credit Card,Madrid,Spain,Pablo Perez,1002.99,,,,,,
10475,11/12/2022,Burgers,12.99,524,In-store , Credit Card,Madrid,Spain,Pablo Perez,6806.76,,,,,,
10476,11/12/2022,Chicken Sandwiches,9.95,202,In-store , Credit Card,Madrid,Spain,Pablo Perez,2009.9,,,,,,
10477,11/12/2022,Fries,3.49,631,In-store , Credit Card,Madrid,Spain,Pablo Perez,2202.19,,,,,,
10478,11/12/2022,Beverages,2.95,678,In-store , Credit Card,Madrid,Spain,Pablo Perez,2000.1,,,,,,
10479,11/12/2022,Sides & Other,4.99,201,In-store , Credit Card,Madrid,Spain,Pablo Perez,1002.99,,,,,,
10480,11/13/2022,Burgers,12.99,509,In-store , Credit Card,Madrid,Spain,Pablo Perez,6611.91,,,,,,
10481,11/13/2022,Chicken Sandwiches,9.95,202,In-store , Credit Card,Madrid,Spain,Pablo Perez,2009.9,,,,,,
10482,11/13/2022,Fries,25.5,631,In-store , Credit Card,Lisbon,Portugal,Joao Silva,16090.5,,,,,,
10483,11/13/2022,Beverages,33.22,678,In-store , Credit Card,Lisbon,Portugal,Joao Silva,22523.16,,,,,,
10484,11/13/2022,Sides & Other,21.44,201,In-store , Credit Card,Lisbon,Portugal,Joao Silva,4309.44,,,,,,
10485,11/14/2022,Burgers,27.99,524,In-store , Credit Card,Lisbon,Portugal,Joao Silva,14666.76,,,,,,
10486,11/14/2022,Chicken Sandwiches,29.05,202,In-store , Credit Card,Lisbon,Portugal,Joao Silva,5868.1,,,,,,
10487,11/14/2022,Fries,3.49,631,In-store , Credit Card,Lisbon,Portugal,Joao Silva,2202.19,,,,,,
10488,11/14/2022,Beverages,2.95,678,In-store , Credit Card,Lisbon,Portugal,Joao Silva,2000.1,,,,,,
10489,11/14/2022,Sides & Other,4.99,201,In-store , Credit Card,Madrid,Spain,Pablo Perez,1002.99,,,,,,
10490,11/15/2022,Burgers,12.99,509,In-store , Credit Card,Madrid,Spain,Pablo Perez,6611.91,,,,,,
10491,11/15/2022,Chicken Sandwiches,9.95,202,In-store , Credit Card,Madrid,Spain,Pablo Perez,2009.9,,,,,,
10492,11/15/2022,Fries,3.49,574,In-store , Credit Card,Madrid,Spain,Pablo Perez,2003.26,,,,,,
10493,11/15/2022,Beverages,2.95,678,In-store , Credit Card,Madrid,Spain,Pablo Perez,2000.1,,,,,,
10494,11/15/2022,Sides & Other,4.99,201,In-store , Credit Card,Madrid,Spain,Pablo Perez,1002.99,,,,,,
10495,11/16/2022,Burgers,12.99,509,In-store , Credit Card,Madrid,Spain,Pablo Perez,6611.91,,,,,,
10496,11/16/2022,Chicken Sandwiches,9.95,202,In-store , Credit Card,Madrid,Spain,Pablo Perez,2009.9,,,,,,
10497,11/16/2022,Fries,3.49,574,In-store , Credit Card,Madrid,Spain,Pablo Perez,2003.26,,,,,,
10498,11/16/2022,Beverages,2.95,678,Drive-thru , Credit Card,Madrid,Spain,Pablo Perez,2000.1,,,,,,
10499,11/16/2022,Sides & Other,4.99,201,Drive-thru , Credit Card,Madrid,Spain,Pablo Perez,1002.99,,,,,,
10500,11/17/2022,Burgers,12.99,524,Drive-thru , Credit Card,Madrid,Spain,Pablo Perez,6806.76,,,,,,
10501,11/17/2022,Chicken Sandwiches,9.95,202,Drive-thru , Credit Card,Madrid,Spain,Pablo Perez,2009.9,,,,,,
10502,11/17/2022,Fries,3.49,631,Drive-thru , Credit Card,Madrid,Spain,Pablo Perez,2202.19,,,,,,
10503,11/17/2022,Beverages,2.95,678,Drive-thru , Credit Card,Madrid,Spain,Pablo Perez,2000.1,,,,,,
10504,11/17/2022,Sides & Other,4.99,201,Drive-thru , Credit Card,Madrid,Spain,Pablo Perez,1002.99,,,,,,
10505,11/18/2022,Burgers,12.99,539,Drive-thru , Credit Card,Madrid,Spain,Pablo Perez,7001.61,,,,,,
10506,11/18/2022,Chicken Sandwiches,9.95,202,Drive-thru , Credit Card,Madrid,Spain,Pablo Perez,2009.9,,,,,,
10507,11/18/2022,Fries,3.49,688,Drive-thru , Credit Card,Madrid,Spain,Pablo Perez,2401.12,,,,,,
10508,11/18/2022,Beverages,2.95,678,Drive-thru , Credit Card,Madrid,Spain,Pablo Perez,2000.1,,,,,,
10509,11/18/2022,Sides & Other,4.99,201,Drive-thru , Credit Card,Madrid,Spain,Pablo Perez,1002.99,,,,,,
10510,11/19/2022,Burgers,12.99,509,Drive-thru , Credit Card,Madrid,Spain,Pablo Perez,6611.91,,,,,,
10511,11/19/2022,Chicken Sandwiches,9.95,202,Drive-thru , Credit Card,Lisbon,Portugal,Joao Silva,2009.9,,,,,,
10512,11/19/2022,Fries,3.49,688,Drive-thru , Credit Card,Lisbon,Portugal,Joao Silva,2401.12,,,,,,
10513,11/19/2022,Beverages,2.95,678,Drive-thru , Cash,Lisbon,Portugal,Joao Silva,2000.1,,,,,,
10514,11/19/2022,Sides & Other,4.99,201,Drive-thru , Cash,Lisbon,Portugal,Joao Silva,1002.99,,,,,,
10515,11/20/2022,Burgers,12.99,478,Drive-thru , Cash,Lisbon,Portugal,Joao Silva,6209.22,,,,,,
10516,11/20/2022,Chicken Sandwiches,9.95,202,Drive-thru , Cash,Lisbon,Portugal,Joao Silva,2009.9,,,,,,
10483,11/13/2022,Beverages,2.95,678,In-store , Credit Card,Lisbon,Portugal,Joao Silva,2000.1,,,,,,
10484,11/13/2022,Sides & Other,4.99,201,In-store , Credit Card,Lisbon,Portugal,Joao Silva,1002.99,,,,,,
10485,11/14/2022,Burgers,12.99,524,In-store , Credit Card,Lisbon,Portugal,Joao Silva,6806.76,,,,,,
10520,11/21/2022,Burgers,12.99,493,Drive-thru , Cash,Paris,France,Remy Monet,6404.07,,,,,,
10521,11/21/2022,Chicken Sandwiches,9.95,202,Drive-thru , Cash,Paris,France,Remy Monet,2009.9,,,,,,
10522,11/21/2022,Fries,3.49,688,Drive-thru , Cash,Paris,France,Remy Monet,2401.12,,,,,,
10523,11/21/2022,Beverages,2.95,746,Drive-thru , Cash,Paris,France,Remy Monet,2200.7,,,,,,
10524,11/21/2022,Sides & Other,4.99,201,Drive-thru , Cash,Paris,France,Remy Monet,1002.99,,,,,,
10525,11/22/2022,Burgers,12.99,462,Drive-thru , Cash,Paris,France,Remy Monet,6001.38,,,,,,
10526,11/22/2022,Chicken Sandwiches,9.95,202,Drive-thru , Cash,Paris,France,Remy Monet,2009.9,,,,,,
10527,11/22/2022,Fries,3.49,688,Drive-thru , Cash,Paris,France,Remy Monet,2401.12,,,,,,
10528,11/22/2022,Beverages,2.95,746,Drive-thru , Cash,Paris,France,Remy Monet,2200.7,,,,,,
10529,11/22/2022,Sides & Other,4.99,201,Drive-thru , Cash,Paris,France,Remy Monet,1002.99,,,,,,
10530,11/23/2022,Burgers,12.99,478,Drive-thru , Cash,Paris,France,Remy Monet,6209.22,,,,,,
10531,11/23/2022,Chicken Sandwiches,9.95,202,Drive-thru , Cash,Paris,France,Remy Monet,2009.9,,,,,,
10532,11/23/2022,Fries,3.49,688,Drive-thru , Cash,Lisbon,Portugal,Joao Silva,2401.12,,,,,,
10533,11/23/2022,Beverages,2.95,746,Drive-thru , Cash,Lisbon,Portugal,Joao Silva,2200.7,,,,,,
10534,11/23/2022,Sides & Other,4.99,201,Drive-thru , Cash,Madrid,Spain,Pablo Perez,1002.99,,,,,,
10535,11/24/2022,Burgers,12.99,478,Drive-thru , Credit Card,Madrid,Spain,Pablo Perez,6209.22,,,,,,
10536,11/24/2022,Chicken Sandwiches,9.95,202,Drive-thru , Credit Card,Madrid,Spain,Pablo Perez,2009.9,,,,,,
10537,11/24/2022,Fries,3.49,631,Drive-thru , Credit Card,Madrid,Spain,Pablo Perez,2202.19,,,,,,
10538,11/24/2022,Beverages,2.95,746,Drive-thru , Credit Card,Madrid,Spain,Pablo Perez,2200.7,,,,,,
10539,11/24/2022,Sides & Other,4.99,201,Drive-thru , Credit Card,Madrid,Spain,Pablo Perez,1002.99,,,,,,
10540,11/25/2022,Burgers,12.99,462,Drive-thru , Credit Card,Madrid,Spain,Pablo Perez,6001.38,,,,,,
10541,11/25/2022,Chicken Sandwiches,9.95,202,Drive-thru , Credit Card,London,United Kingdom,Tom Jackson,2009.9,,,,,,
10542,11/25/2022,Fries,3.49,631,Drive-thru , Credit Card,London,United Kingdom,Tom Jackson,2202.19,,,,,,
10543,11/25/2022,Beverages,2.95,746,Drive-thru , Credit Card,London,United Kingdom,Tom Jackson,2200.7,,,,,,
10544,11/25/2022,Sides & Other,4.99,201,Drive-thru , Credit Card,London,United Kingdom,Tom Jackson,1002.99,,,,,,
10545,11/26/2022,Burgers,12.99,447,Drive-thru , Credit Card,London,United Kingdom,Tom Jackson,5806.53,,,,,,
10546,11/26/2022,Chicken Sandwiches,9.95,202,Drive-thru , Credit Card,London,United Kingdom,Tom Jackson,2009.9,,,,,,
10547,11/26/2022,Fries,3.49,631,Drive-thru , Credit Card,London,United Kingdom,Tom Jackson,2202.19,,,,,,
10548,11/26/2022,Beverages,2.95,746,Drive-thru , Credit Card,London,United Kingdom,Tom Jackson,2200.7,,,,,,
10549,11/26/2022,Sides & Other,4.99,201,Drive-thru , Credit Card,London,United Kingdom,Tom Jackson,1002.99,,,,,,
10550,11/27/2022,Burgers,12.99,462,Drive-thru , Credit Card,London,United Kingdom,Tom Jackson,6001.38,,,,,,
10551,11/27/2022,Chicken Sandwiches,9.95,202,Drive-thru , Credit Card,London,United Kingdom,Tom Jackson,2009.9,,,,,,
10552,11/27/2022,Fries,3.49,631,Online , Credit Card,London,United Kingdom,Tom Jackson,2202.19,,,,,,
10553,11/27/2022,Beverages,2.95,746,Online , Credit Card,London,United Kingdom,Tom Jackson,2200.7,,,,,,
10554,11/27/2022,Sides & Other,4.99,201,Online , Credit Card,London,United Kingdom,Tom Jackson,1002.99,,,,,,
10555,11/28/2022,Burgers,12.99,478,Online , Credit Card,London,United Kingdom,Tom Jackson,6209.22,,,,,,
10556,11/28/2022,Chicken Sandwiches,9.95,202,Online , Credit Card,London,United Kingdom,Tom Jackson,2009.9,,,,,,
10557,11/28/2022,Fries,3.49,631,Online , Credit Card,London,United Kingdom,Tom Jackson,2202.19,,,,,,
10558,11/28/2022,Beverages,2.95,678,Online , Credit Card,London,United Kingdom,Tom Jackson,2000.1,,,,,,
10559,11/28/2022,Sides & Other,4.99,201,Online , Credit Card,London,United Kingdom,Tom Jackson,1002.99,,,,,,
10560,11/29/2022,Burgers,12.99,478,Online , Credit Card,London,United Kingdom,Tom Jackson,6209.22,,,,,,
10561,11/29/2022,Chicken Sandwiches,9.95,202,Online , Credit Card,London,United Kingdom,Tom Jackson,2009.9,,,,,,
10562,11/29/2022,Fries,3.49,631,Online , Credit Card,London,United Kingdom,Tom Jackson,2202.19,,,,,,
10563,11/29/2022,Beverages,2.95,678,Online , Credit Card,London,United Kingdom,Tom Jackson,2000.1,,,,,,
10564,11/29/2022,Sides & Other,4.99,201,Online , Credit Card,London,United Kingdom,Tom Jackson,1002.99,,,,,,
10565,11/30/2022,Burgers,12.99,493,Online , Credit Card,London,United Kingdom,Tom Jackson,6404.07,,,,,,
10566,11/30/2022,Chicken Sandwiches,9.95,202,Online , Credit Card,London,United Kingdom,Tom Jackson,2009.9,,,,,,
10567,11/30/2022,Fries,3.49,631,Online , Credit Card,London,United Kingdom,Tom Jackson,2202.19,,,,,,
10568,11/30/2022,Beverages,2.95,678,Online , Credit Card,London,United Kingdom,Tom Jackson,2000.1,,,,,,
10569,11/30/2022,Sides & Other,4.99,201,Online , Credit Card,London,United Kingdom,Tom Jackson,1002.99,,,,,,
10570,12/1/2022,Burgers,12.99,493,Online , Credit Card,London,United Kingdom,Tom Jackson,6404.07,,,,,,
10571,12/1/2022,Chicken Sandwiches,9.95,202,Online , Credit Card,London,United Kingdom,Tom Jackson,2009.9,,,,,,
10572,12/1/2022,Fries,3.49,574,Online , Credit Card,Paris,France,Remy Monet,2003.26,,,,,,
10573,12/1/2022,Beverages,2.95,678,Online , Credit Card,Paris,France,Remy Monet,2000.1,,,,,,
10574,12/1/2022,Sides & Other,4.99,201,Online , Credit Card,Paris,France,Remy Monet,1002.99,,,,,,
10575,12/2/2022,Burgers,12.99,524,Online , Credit Card,Paris,France,Remy Monet,6806.76,,,,,,
10576,12/2/2022,Chicken Sandwiches,9.95,202,Online , Credit Card,Paris,France,Remy Monet,2009.9,,,,,,
10577,12/2/2022,Fries,3.49,631,Online , Credit Card,Paris,France,Remy Monet,2202.19,,,,,,
10578,12/2/2022,Beverages,2.95,678,Online , Credit Card,Paris,France,Remy Monet,2000.1,,,,,,
10579,12/2/2022,Sides & Other,4.99,201,Online , Credit Card,Paris,France,Remy Monet,1002.99,,,,,,
10580,12/3/2022,Burgers,12.99,524,Online , Credit Card,Paris,France,Remy Monet,6806.76,,,,,,
10581,12/3/2022,Chicken Sandwiches,9.95,202,Online , Credit Card,Paris,France,Remy Monet,2009.9,,,,,,
10582,12/3/2022,Fries,3.49,631,Online , Credit Card,London,United Kingdom,Tom Jackson,2202.19,,,,,,
10583,12/3/2022,Beverages,2.95,678,Online , Credit Card,London,United Kingdom,Tom Jackson,2000.1,,,,,,
10584,12/3/2022,Sides & Other,4.99,201,Online , Credit Card,London,United Kingdom,Tom Jackson,1002.99,,,,,,
10585,12/4/2022,Burgers,12.99,539,Online , Credit Card,London,United Kingdom,Tom Jackson,7001.61,,,,,,
10586,12/4/2022,Chicken Sandwiches,9.95,202,Online , Credit Card,London,United Kingdom,Tom Jackson,2009.9,,,,,,
10590,12/5/2022,Burgers,12.99,555,Online , Credit Card,London,United Kingdom,Tom Jackson,7209.45,,,,,,
10591,12/5/2022,Chicken Sandwiches,9.95,202,Online , Credit Card,London,United Kingdom,Tom Jackson,2009.9,,,,,,
10592,12/5/2022,Fries,3.49,574,Online , Credit Card,London,United Kingdom,Tom Jackson,2003.26,,,,,,
10593,12/5/2022,Beverages,2.95,678,Online , Credit Card,London,United Kingdom,Tom Jackson,2000.1,,,,,,
10594,12/5/2022,Sides & Other,4.99,201,Online , Credit Card,London,United Kingdom,Tom Jackson,1002.99,,,,,,
10595,12/6/2022,Burgers,12.99,539,Online , Credit Card,London,United Kingdom,Tom Jackson,7001.61,,,,,,
10596,12/6/2022,Chicken Sandwiches,9.95,202,Online , Credit Card,London,United Kingdom,Tom Jackson,2009.9,,,,,,
10597,12/6/2022,Fries,3.49,574,Online , Credit Card,London,United Kingdom,Tom Jackson,2003.26,,,,,,
10598,12/6/2022,Beverages,2.95,678,Online , Credit Card,London,United Kingdom,Tom Jackson,2000.1,,,,,,
10599,12/6/2022,Sides & Other,4.99,201,Online , Credit Card,London,United Kingdom,Tom Jackson,1002.99,,,,,,
10600,12/7/2022,Burgers,12.99,524,Online , Credit Card,London,United Kingdom,Tom Jackson,6806.76,,,,,,
10601,12/7/2022,Chicken Sandwiches,9.95,202,Online , Credit Card,London,United Kingdom,Tom Jackson,2009.9,,,,,,
10602,12/7/2022,Fries,3.49,631,Online , Cash,London,United Kingdom,Tom Jackson,2202.19,,,,,,
10603,12/7/2022,Beverages,2.95,678,Online , Cash,London,United Kingdom,Tom Jackson,2000.1,,,,,,
10604,12/7/2022,Sides & Other,4.99,201,Online , Cash,London,United Kingdom,Tom Jackson,1002.99,,,,,,
10605,12/8/2022,Burgers,12.99,539,Online , Cash,London,United Kingdom,Tom Jackson,7001.61,,,,,,
10606,12/8/2022,Chicken Sandwiches,9.95,202,Online , Cash,London,United Kingdom,Tom Jackson,2009.9,,,,,,
10607,12/8/2022,Fries,3.49,631,Online , Cash,London,United Kingdom,Tom Jackson,2202.19,,,,,,
10608,12/8/2022,Beverages,2.95,678,Online , Gift Card,London,United Kingdom,Tom Jackson,2000.1,,,,,,
10609,12/8/2022,Sides & Other,4.99,201,Online , Gift Card,London,United Kingdom,Tom Jackson,1002.99,,,,,,
10610,12/9/2022,Burgers,12.99,570,Online , Gift Card,London,United Kingdom,Tom Jackson,7404.3,,,,,,
10611,12/9/2022,Chicken Sandwiches,9.95,202,Online , Gift Card,London,United Kingdom,Tom Jackson,2009.9,,,,,,
10612,12/9/2022,Fries,3.49,631,Online , Gift Card,London,United Kingdom,Tom Jackson,2202.19,,,,,,
10613,12/9/2022,Beverages,2.95,678,Online , Gift Card,London,United Kingdom,Tom Jackson,2000.1,,,,,,
10614,12/9/2022,Sides & Other,4.99,201,Online , Gift Card,London,United Kingdom,Tom Jackson,1002.99,,,,,,
10615,12/10/2022,Burgers,12.99,570,Online , Gift Card,London,United Kingdom,Tom Jackson,7404.3,,,,,,
10616,12/10/2022,Chicken Sandwiches,9.95,202,Online , Gift Card,London,United Kingdom,Tom Jackson,2009.9,,,,,,
10617,12/10/2022,Fries,3.49,631,Online , Gift Card,London,United Kingdom,Tom Jackson,2202.19,,,,,,
10618,12/10/2022,Beverages,2.95,678,Online , Gift Card,London,United Kingdom,Tom Jackson,2000.1,,,,,,
10619,12/10/2022,Sides & Other,4.99,201,Online , Gift Card,London,United Kingdom,Tom Jackson,1002.99,,,,,,
10620,12/11/2022,Burgers,12.99,586,Online , Gift Card,London,United Kingdom,Tom Jackson,7612.14,,,,,,
10621,12/11/2022,Chicken Sandwiches,9.95,202,Online , Gift Card,London,United Kingdom,Tom Jackson,2009.9,,,,,,
10622,12/11/2022,Fries,3.49,631,Online , Gift Card,London,United Kingdom,Tom Jackson,2202.19,,,,,,
10623,12/11/2022,Beverages,2.95,746,Online , Gift Card,London,United Kingdom,Tom Jackson,2200.7,,,,,,
10624,12/11/2022,Sides & Other,4.99,201,Online , Gift Card,London,United Kingdom,Tom Jackson,1002.99,,,,,,
10625,12/12/2022,Burgers,12.99,570,Online , Gift Card,London,United Kingdom,Tom Jackson,7404.3,,,,,,
10626,12/12/2022,Chicken Sandwiches,9.95,202,Online , Gift Card,London,United Kingdom,Tom Jackson,2009.9,,,,,,
10627,12/12/2022,Fries,3.49,631,Online , Gift Card,London,United Kingdom,Tom Jackson,2202.19,,,,,,
10628,12/12/2022,Beverages,2.95,678,Online , Gift Card,Lisbon,Portugal,Joao Silva,2000.1,,,,,,
10629,12/12/2022,Sides & Other,4.99,201,Online , Gift Card,Lisbon,Portugal,Joao Silva,1002.99,,,,,,
10630,12/13/2022,Burgers,12.99,570,Online , Cash,Lisbon,Portugal,Joao Silva,7404.3,,,,,,
10631,12/13/2022,Chicken Sandwiches,9.95,202,Online , Gift Card,Lisbon,Portugal,Joao Silva,2009.9,,,,,,
10632,12/13/2022,Fries,3.49,631,Online , Gift Card,Lisbon,Portugal,Joao Silva,2202.19,,,,,,
10633,12/13/2022,Beverages,2.95,678,Online , Gift Card,Lisbon,Portugal,Joao Silva,2000.1,,,,,,
10634,12/13/2022,Sides & Other,4.99,201,Online , Gift Card,Lisbon,Portugal,Joao Silva,1002.99,,,,,,
10635,12/14/2022,Burgers,12.99,555,Online , Gift Card,Lisbon,Portugal,Joao Silva,7209.45,,,,,,
10636,12/14/2022,Chicken Sandwiches,9.95,222,Online , Gift Card,Lisbon,Portugal,Joao Silva,2208.9,,,,,,
10637,12/14/2022,Fries,3.49,631,Online , Gift Card,Lisbon,Portugal,Joao Silva,2202.19,,,,,,
10638,12/14/2022,Beverages,2.95,678,Online , Gift Card,Lisbon,Portugal,Joao Silva,2000.1,,,,,,
10639,12/14/2022,Sides & Other,4.99,201,Online , Gift Card,Lisbon,Portugal,Joao Silva,1002.99,,,,,,
10640,12/15/2022,Burgers,12.99,539,Online , Gift Card,Lisbon,Portugal,Joao Silva,7001.61,,,,,,
10641,12/15/2022,Chicken Sandwiches,9.95,222,Online , Gift Card,Lisbon,Portugal,Joao Silva,2208.9,,,,,,
10642,12/15/2022,Fries,3.49,631,Online , Cash,Lisbon,Portugal,Joao Silva,2202.19,,,,,,
10643,12/15/2022,Beverages,2.95,678,Online , Cash,Lisbon,Portugal,Joao Silva,2000.1,,,,,,
10644,12/15/2022,Sides & Other,4.99,201,Online , Cash,Lisbon,Portugal,Joao Silva,1002.99,,,,,,
10645,12/16/2022,Burgers,12.99,570,Online , Cash,Lisbon,Portugal,Joao Silva,7404.3,,,,,,
10646,12/16/2022,Chicken Sandwiches,9.95,222,Online , Cash,Lisbon,Portugal,Joao Silva,2208.9,,,,,,
10647,12/16/2022,Fries,3.49,631,Online , Gift Card,Lisbon,Portugal,Joao Silva,2202.19,,,,,,
10648,12/16/2022,Beverages,2.95,746,Online , Gift Card,Lisbon,Portugal,Joao Silva,2200.7,,,,,,
10649,12/16/2022,Sides & Other,4.99,201,Online , Gift Card,Lisbon,Portugal,Joao Silva,1002.99,,,,,,
10650,12/17/2022,Burgers,12.99,586,Online , Gift Card,Lisbon,Portugal,Joao Silva,7612.14,,,,,,
10651,12/17/2022,Chicken Sandwiches,9.95,222,Online , Gift Card,Lisbon,Portugal,Joao Silva,2208.9,,,,,,
10652,12/17/2022,Fries,3.49,688,Online , Gift Card,Lisbon,Portugal,Joao Silva,2401.12,,,,,,
10653,12/17/2022,Beverages,2.95,746,Online , Gift Card,Lisbon,Portugal,Joao Silva,2200.7,,,,,,
10654,12/17/2022,Sides & Other,4.99,201,Online , Gift Card,Lisbon,Portugal,Joao Silva,1002.99,,,,,,
10655,12/18/2022,Burgers,12.99,601,Online , Gift Card,Lisbon,Portugal,Joao Silva,7806.99,,,,,,
10656,12/18/2022,Chicken Sandwiches,9.95,222,Online , Gift Card,Lisbon,Portugal,Joao Silva,2208.9,,,,,,
10657,12/18/2022,Fries,3.49,688,Online , Gift Card,Lisbon,Portugal,Joao Silva,2401.12,,,,,,
10658,12/18/2022,Beverages,2.95,746,Online , Cash,Lisbon,Portugal,Joao Silva,2200.7,,,,,,
10659,12/18/2022,Sides & Other,4.99,201,Online , Cash,Lisbon,Portugal,Joao Silva,1002.99,,,,,,
10660,12/19/2022,Burgers,12.99,632,In-store , Cash,Lisbon,Portugal,Joao Silva,8209.68,,,,,,
10661,12/19/2022,Chicken Sandwiches,9.95,222,In-store , Cash,Lisbon,Portugal,Joao Silva,2208.9,,,,,,
10662,12/19/2022,Fries,3.49,631,In-store , Cash,Lisbon,Portugal,Joao Silva,2202.19,,,,,,
10663,12/19/2022,Beverages,2.95,746,In-store , Cash,Lisbon,Portugal,Joao Silva,2200.7,,,,,,
10664,12/19/2022,Sides & Other,4.99,201,In-store , Cash,Lisbon,Portugal,Joao Silva,1002.99,,,,,,
10665,12/20/2022,Burgers,12.99,647,In-store , Cash,Lisbon,Portugal,Joao Silva,8404.53,,,,,,
10666,12/20/2022,Chicken Sandwiches,9.95,222,In-store , Cash,Lisbon,Portugal,Joao Silva,2208.9,,,,,,
10667,12/20/2022,Fries,3.49,631,In-store , Cash,Lisbon,Portugal,Joao Silva,2202.19,,,,,,
10668,12/20/2022,Beverages,2.95,746,In-store , Cash,Lisbon,Portugal,Joao Silva,2200.7,,,,,,
10669,12/20/2022,Sides & Other,4.99,201,In-store , Cash,Lisbon,Portugal,Joao Silva,1002.99,,,,,,
10670,12/21/2022,Burgers,12.99,678,In-store , Cash,Lisbon,Portugal,Joao Silva,8807.22,,,,,,
10671,12/21/2022,Chicken Sandwiches,9.95,222,In-store , Cash,Lisbon,Portugal,Joao Silva,2208.9,,,,,,
10672,12/21/2022,Fries,3.49,631,In-store , Cash,Lisbon,Portugal,Joao Silva,2202.19,,,,,,
10673,12/21/2022,Beverages,2.95,746,In-store , Cash,Lisbon,Portugal,Joao Silva,2200.7,,,,,,
10674,12/21/2022,Sides & Other,4.99,201,In-store , Cash,Lisbon,Portugal,Joao Silva,1002.99,,,,,,
10675,12/22/2022,Burgers,12.99,678,In-store , Cash,Lisbon,Portugal,Joao Silva,8807.22,,,,,,
10676,12/22/2022,Chicken Sandwiches,9.95,242,In-store , Cash,Lisbon,Portugal,Joao Silva,2407.9,,,,,,
10677,12/22/2022,Fries,3.49,631,In-store , Cash,Lisbon,Portugal,Joao Silva,2202.19,,,,,,
10678,12/22/2022,Beverages,2.95,746,In-store , Cash,Lisbon,Portugal,Joao Silva,2200.7,,,,,,
10679,12/22/2022,Sides & Other,4.99,201,In-store , Cash,Lisbon,Portugal,Joao Silva,1002.99,,,,,,
10680,12/23/2022,Burgers,12.99,647,In-store , Cash,Lisbon,Portugal,Joao Silva,8404.53,,,,,,
10681,12/23/2022,Chicken Sandwiches,9.95,242,In-store , Cash,Lisbon,Portugal,Joao Silva,2407.9,,,,,,
10682,12/23/2022,Fries,3.49,631,In-store , Cash,Lisbon,Portugal,Joao Silva,2202.19,,,,,,
10683,12/23/2022,Beverages,2.95,678,In-store , Cash,Lisbon,Portugal,Joao Silva,2000.1,,,,,,
10684,12/23/2022,Sides & Other,4.99,201,In-store , Cash,Lisbon,Portugal,Joao Silva,1002.99,,,,,,
10685,12/24/2022,Burgers,12.99,678,In-store , Cash,Lisbon,Portugal,Joao Silva,8807.22,,,,,,
10686,12/24/2022,Chicken Sandwiches,9.95,242,In-store , Cash,Lisbon,Portugal,Joao Silva,2407.9,,,,,,
10687,12/24/2022,Fries,3.49,631,In-store , Cash,Berlin,Germany,Walter Muller,2202.19,,,,,,
10688,12/24/2022,Beverages,2.95,678,In-store , Cash,Berlin,Germany,Walter Muller,2000.1,,,,,,
10689,12/24/2022,Sides & Other,4.99,201,In-store , Cash,Berlin,Germany,Walter Muller,1002.99,,,,,,
10690,12/25/2022,Burgers,12.99,678,In-store , Cash,Berlin,Germany,Walter Muller,8807.22,,,,,,
10691,12/25/2022,Chicken Sandwiches,9.95,262,In-store , Cash,Berlin,Germany,Walter Muller,2606.9,,,,,,
10692,12/25/2022,Fries,3.49,631,In-store , Cash,Berlin,Germany,Walter Muller,2202.19,,,,,,
10693,12/25/2022,Beverages,2.95,678,In-store , Cash,Berlin,Germany,Walter Muller,2000.1,,,,,,
10694,12/25/2022,Sides & Other,4.99,201,In-store , Cash,Berlin,Germany,Walter Muller,1002.99,,,,,,
10695,12/26/2022,Burgers,12.99,693,In-store , Cash,Berlin,Germany,Walter Muller,9002.07,,,,,,
10696,12/26/2022,Chicken Sandwiches,9.95,282,In-store , Cash,Berlin,Germany,Walter Muller,2805.9,,,,,,
10697,12/26/2022,Fries,3.49,631,In-store , Cash,Berlin,Germany,Walter Muller,2202.19,,,,,,
10698,12/26/2022,Beverages,2.95,678,In-store , Cash,Berlin,Germany,Walter Muller,2000.1,,,,,,
10699,12/26/2022,Sides & Other,4.99,201,In-store , Cash,Berlin,Germany,Walter Muller,1002.99,,,,,,
10700,12/27/2022,Burgers,12.99,693,In-store , Cash,Berlin,Germany,Walter Muller,9002.07,,,,,,
10701,12/27/2022,Chicken Sandwiches,9.95,282,In-store , Cash,Berlin,Germany,Walter Muller,2805.9,,,,,,
10702,12/27/2022,Fries,3.49,631,In-store , Cash,Berlin,Germany,Walter Muller,2202.19,,,,,,
10703,12/27/2022,Beverages,2.95,678,In-store , Gift Card,Berlin,Germany,Walter Muller,2000.1,,,,,,
10704,12/27/2022,Sides & Other,4.99,201,Drive-thru , Gift Card,Berlin,Germany,Walter Muller,1002.99,,,,,,
10705,12/28/2022,Burgers,12.99,724,Drive-thru , Gift Card,Berlin,Germany,Walter Muller,9404.76,,,,,,
10706,12/28/2022,Chicken Sandwiches,9.95,302,Drive-thru , Gift Card,Berlin,Germany,Walter Muller,3004.9,,,,,,
10707,12/28/2022,Fries,3.49,631,Drive-thru , Gift Card,Berlin,Germany,Walter Muller,2202.19,,,,,,
10708,12/28/2022,Beverages,2.95,678,Drive-thru , Gift Card,Berlin,Germany,Walter Muller,2000.1,,,,,,
10709,12/28/2022,Sides & Other,4.99,201,Drive-thru , Gift Card,Berlin,Germany,Walter Muller,1002.99,,,,,,
10710,12/29/2022,Burgers,12.99,755,Drive-thru , Gift Card,Berlin,Germany,Walter Muller,9807.45,,,,,,
10711,12/29/2022,Chicken Sandwiches,9.95,282,Drive-thru , Gift Card,Berlin,Germany,Walter Muller,2805.9,,,,,,
10712,12/29/2022,Fries,3.49,631,Drive-thru , Gift Card,Berlin,Germany,Walter Muller,2202.19,,,,,,
10713,12/29/2022,Beverages,2.95,678,Drive-thru , Gift Card,Berlin,Germany,Walter Muller,2000.1,,,,,,
